{
  "validation": {
    "expression_only": {
      "accuracy": 0.9529411764705882,
      "f1": 0.9550561797752809,
      "auc_roc": 0.972787702534275,
      "confusion_matrix": [
        [
          85,
          2
        ],
        [
          6,
          77
        ]
      ],
      "roc_curve": {
        "fpr": [
          0.0,
          0.0,
          0.0,
          0.0,
          0.0,
          0.0,
          0.0,
          0.024096385542168676,
          0.024096385542168676,
          0.03614457831325301,
          0.03614457831325301,
          0.04819277108433735,
          0.04819277108433735,
          0.060240963855421686,
          0.060240963855421686,
          0.07228915662650602,
          0.07228915662650602,
          0.1686746987951807,
          0.1686746987951807,
          0.24096385542168675,
          0.2891566265060241,
          0.3132530120481928,
          0.3373493975903614,
          0.39759036144578314,
          0.5060240963855421,
          0.6024096385542169,
          1.0
        ],
        "tpr": [
          0.0,
          0.034482758620689655,
          0.13793103448275862,
          0.1724137931034483,
          0.19540229885057472,
          0.21839080459770116,
          0.6206896551724138,
          0.6206896551724138,
          0.6781609195402298,
          0.6781609195402298,
          0.8505747126436781,
          0.8505747126436781,
          0.8620689655172413,
          0.8620689655172413,
          0.896551724137931,
          0.896551724137931,
          0.9770114942528736,
          0.9770114942528736,
          0.9885057471264368,
          0.9885057471264368,
          0.9885057471264368,
          0.9885057471264368,
          0.9885057471264368,
          0.9885057471264368,
          0.9885057471264368,
          0.9885057471264368,
          1.0
        ]
      }
    },
    "go_only": {
      "accuracy": 0.9235294117647059,
      "f1": 0.9265536723163842,
      "auc_roc": 0.9576928403268246,
      "confusion_matrix": [
        [
          82,
          5
        ],
        [
          8,
          75
        ]
      ],
      "roc_curve": {
        "fpr": [
          0.0,
          0.0,
          0.0,
          0.012048192771084338,
          0.012048192771084338,
          0.024096385542168676,
          0.024096385542168676,
          0.03614457831325301,
          0.03614457831325301,
          0.04819277108433735,
          0.04819277108433735,
          0.060240963855421686,
          0.060240963855421686,
          0.07228915662650602,
          0.07228915662650602,
          0.08433734939759036,
          0.08433734939759036,
          0.0963855421686747,
          0.0963855421686747,
          0.12048192771084337,
          0.12048192771084337,
          0.26506024096385544,
          0.2891566265060241,
          0.3614457831325301,
          0.40963855421686746,
          0.4457831325301205,
          0.4939759036144578,
          0.6506024096385542,
          0.6987951807228916,
          0.7108433734939759,
          0.8192771084337349,
          1.0
        ],
        "tpr": [
          0.0,
          0.011494252873563218,
          0.3563218390804598,
          0.3563218390804598,
          0.40229885057471265,
          0.40229885057471265,
          0.4367816091954023,
          0.4367816091954023,
          0.6436781609195402,
          0.6436781609195402,
          0.8160919540229885,
          0.8160919540229885,
          0.8275862068965517,
          0.8275862068965517,
          0.8390804597701149,
          0.8390804597701149,
          0.8505747126436781,
          0.8505747126436781,
          0.9655172413793104,
          0.9655172413793104,
          0.9885057471264368,
          0.9885057471264368,
          0.9885057471264368,
          0.9885057471264368,
          0.9885057471264368,
          0.9885057471264368,
          0.9885057471264368,
          0.9885057471264368,
          0.9885057471264368,
          0.9885057471264368,
          1.0,
          1.0
        ]
      }
    },
    "combined": {
      "accuracy": 0.9352941176470588,
      "f1": 0.9385474860335196,
      "auc_roc": 0.9799196787148594,
      "confusion_matrix": [
        [
          84,
          3
        ],
        [
          8,
          75
        ]
      ],
      "roc_curve": {
        "fpr": [
          0.0,
          0.0,
          0.0,
          0.012048192771084338,
          0.012048192771084338,
          0.024096385542168676,
          0.024096385542168676,
          0.04819277108433735,
          0.04819277108433735,
          0.060240963855421686,
          0.060240963855421686,
          0.0963855421686747,
          0.0963855421686747,
          0.5301204819277109,
          0.5301204819277109,
          0.7228915662650602,
          0.7831325301204819,
          0.8192771084337349,
          0.8313253012048193,
          0.8554216867469879,
          1.0
        ],
        "tpr": [
          0.0,
          0.011494252873563218,
          0.6666666666666666,
          0.6666666666666666,
          0.7586206896551724,
          0.7586206896551724,
          0.7931034482758621,
          0.7931034482758621,
          0.8390804597701149,
          0.8390804597701149,
          0.9655172413793104,
          0.9655172413793104,
          0.9885057471264368,
          0.9885057471264368,
          1.0,
          1.0,
          1.0,
          1.0,
          1.0,
          1.0,
          1.0
        ]
      }
    },
    "stacked": {
      "accuracy": 0.9470588235294117,
      "f1": 0.9491525423728814,
      "auc_roc": 0.9720260351751836,
      "confusion_matrix": [
        [
          84,
          3
        ],
        [
          6,
          77
        ]
      ],
      "roc_curve": {
        "fpr": [
          0.0,
          0.0,
          0.0,
          0.024096385542168676,
          0.024096385542168676,
          0.03614457831325301,
          0.03614457831325301,
          0.04819277108433735,
          0.04819277108433735,
          0.07228915662650602,
          0.07228915662650602,
          0.1686746987951807,
          0.1686746987951807,
          0.8433734939759037,
          0.8433734939759037,
          0.8795180722891566,
          0.9156626506024096,
          0.963855421686747,
          1.0
        ],
        "tpr": [
          0.0,
          0.011494252873563218,
          0.6206896551724138,
          0.6206896551724138,
          0.6666666666666666,
          0.6666666666666666,
          0.8275862068965517,
          0.8275862068965517,
          0.8850574712643678,
          0.8850574712643678,
          0.9770114942528736,
          0.9770114942528736,
          0.9885057471264368,
          0.9885057471264368,
          1.0,
          1.0,
          1.0,
          1.0,
          1.0
        ]
      }
    },
    "stacking_weights": {
      "expression_weight": -3.279838350007643,
      "go_weight": -0.16502015733247183,
      "combined_weight": 0.070212241663181,
      "intercept": 0.318431064939279
    }
  },
  "cross_validation": {
    "expression_only": {
      "mean_accuracy": 0.9270069808027923,
      "std_accuracy": 0.00736727840236151,
      "fold_scores": [
        0.9166666666666666,
        0.9375,
        0.921875,
        0.9322916666666666,
        0.9267015706806283
      ]
    },
    "go_only": {
      "mean_accuracy": 0.9165903141361256,
      "std_accuracy": 0.0064680305266637044,
      "fold_scores": [
        0.9166666666666666,
        0.9166666666666666,
        0.90625,
        0.9166666666666666,
        0.9267015706806283
      ]
    },
    "combined": {
      "mean_accuracy": 0.9217931937172773,
      "std_accuracy": 0.01275880816292174,
      "fold_scores": [
        0.9010416666666666,
        0.9166666666666666,
        0.9375,
        0.9322916666666666,
        0.9214659685863874
      ]
    },
    "stacked": {
      "mean_accuracy": 0.9270069808027923,
      "std_accuracy": 0.008716546331362644,