{
  "expression_only": {
    "accuracy": 0.9529411764705882,
    "f1": 0.9550561797752809
  },
  "go_only": {
    "accuracy": 0.9411764705882353,
    "f1": 0.945054945054945
  },
  "combined": {
    "accuracy": 0.9529411764705882,
    "f1": 0.9550561797752809
  },
  "stacked": {
    "accuracy": 0.9529411764705882,
    "f1": 0.9550561797752809
  }
}