{
  "expression_only": {
    "accuracy": 0.9470588235294117,
    "f1": 0.9497206703910615
  },
  "go_only": {
    "accuracy": 0.9294117647058824,
    "f1": 0.9325842696629213
  },
  "combined": {
    "accuracy": 0.8411764705882353,
    "f1": 0.8556149732620321
  },
  "stacked": {
    "accuracy": 0.9470588235294117,
    "f1": 0.9491525423728814
  }
}