{
  "expression_only": {
    "accuracy": 0.9470588235294117,
    "f1": 0.9502762430939227
  },
  "go_only": {
    "accuracy": 0.9352941176470588,
    "f1": 0.9378531073446328
  },
  "combined": {
    "accuracy": 0.8294117647058824,
    "f1": 0.8497409326424871
  }
}