{
  "validation": {
    "expression_only": {
      "accuracy": 0.9529411764705882,
      "f1": 0.9550561797752809,
      "auc_roc": 0.9711258828417118,
      "confusion_matrix": [
        [
          85,
          2
        ],
        [
          6,
          77
        ]
      ],
      "roc_curve": {
        "fpr": [
          0.0,
          0.0,
          0.0,
          0.0,
          0.0,
          0.012048192771084338,
          0.012048192771084338,
          0.012048192771084338,
          0.012048192771084338,
          0.024096385542168676,
          0.024096385542168676,
          0.03614457831325301,
          0.03614457831325301,
          0.04819277108433735,
          0.04819277108433735,
          0.060240963855421686,
          0.060240963855421686,
          0.07228915662650602,
          0.07228915662650602,
          0.14457831325301204,
          0.14457831325301204,
          0.18072289156626506,
          0.20481927710843373,
          0.25301204819277107,
          0.3493975903614458,
          0.3614457831325301,
          0.39759036144578314,
          0.4939759036144578,
          0.6746987951807228,
          1.0
        ],
        "tpr": [
          0.0,
          0.034482758620689655,
          0.21839080459770116,
          0.2413793103448276,
          0.45977011494252873,
          0.45977011494252873,
          0.5747126436781609,
          0.5977011494252874,
          0.6206896551724138,
          0.6206896551724138,
          0.6781609195402298,
          0.6781609195402298,
          0.8275862068965517,
          0.8275862068965517,
          0.896551724137931,
          0.896551724137931,
          0.9195402298850575,
          0.9195402298850575,
          0.9770114942528736,
          0.9770114942528736,
          0.9885057471264368,
          0.9885057471264368,
          0.9885057471264368,
          0.9885057471264368,
          0.9885057471264368,
          0.9885057471264368,
          0.9885057471264368,
          0.9885057471264368,
          0.9885057471264368,
          1.0
        ]
      }
    },
    "go_only": {
      "accuracy": 0.9411764705882353,
      "f1": 0.945054945054945,
      "auc_roc": 0.9585929926602963,
      "confusion_matrix": [
        [
          86,
          1
        ],
        [
          9,
          74
        ]
      ],
      "roc_curve": {
        "fpr": [
          0.0,
          0.0,
          0.0,
          0.012048192771084338,
          0.012048192771084338,
          0.024096385542168676,
          0.024096385542168676,
          0.03614457831325301,
          0.03614457831325301,
          0.04819277108433735,
          0.04819277108433735,
          0.060240963855421686,
          0.060240963855421686,
          0.07228915662650602,
          0.07228915662650602,
          0.08433734939759036,
          0.08433734939759036,
          0.0963855421686747,
          0.0963855421686747,
          0.24096385542168675,
          0.27710843373493976,
          0.30120481927710846,
          0.30120481927710846,
          0.3373493975903614,
          0.39759036144578314,
          0.40963855421686746,
          0.4578313253012048,
          0.5542168674698795,
          0.6024096385542169,
          0.6626506024096386,
          1.0
        ],
        "tpr": [
          0.0,
          0.011494252873563218,
          0.034482758620689655,
          0.034482758620689655,
          0.04597701149425287,
          0.04597701149425287,
          0.4367816091954023,
          0.4367816091954023,
          0.5977011494252874,
          0.5977011494252874,
          0.8505747126436781,
          0.8505747126436781,
          0.8735632183908046,
          0.8735632183908046,
          0.9425287356321839,
          0.9425287356321839,
          0.9770114942528736,
          0.9770114942528736,
          0.9885057471264368,
          0.9885057471264368,
          0.9885057471264368,
          0.9885057471264368,
          1.0,
          1.0,
          1.0,
          1.0,
          1.0,
          1.0,
          1.0,
          1.0,
          1.0
        ]
      }
    },
    "combined": {
      "accuracy": 0.9529411764705882,
      "f1": 0.9550561797752809,
      "auc_roc": 0.9810968009970917,
      "confusion_matrix": [
        [
          85,
          2
        ],
        [
          6,
          77
        ]
      ],
      "roc_curve": {
        "fpr": [
          0.0,
          0.0,
          0.0,
          0.012048192771084338,
          0.012048192771084338,
          0.024096385542168676,
          0.024096385542168676,
          0.03614457831325301,
          0.03614457831325301,
          0.04819277108433735,
          0.04819277108433735,
          0.060240963855421686,
          0.060240963855421686,
          0.07228915662650602,
          0.07228915662650602,
          0.0963855421686747,
          0.0963855421686747,
          0.3373493975903614,
          0.3493975903614458,
          0.5783132530120482,
          0.6024096385542169,
          0.7710843373493976,
          0.9036144578313253,
          0.9397590361445783,
          0.963855421686747,
          1.0
        ],
        "tpr": [
          0.0,
          0.011494252873563218,
          0.5977011494252874,
          0.5977011494252874,
          0.7011494252873564,
          0.7011494252873564,
          0.7471264367816092,
          0.7471264367816092,
          0.8045977011494253,
          0.8045977011494253,
          0.9195402298850575,
          0.9195402298850575,
          0.9425287356321839,
          0.9425287356321839,
          0.9770114942528736,
          0.9770114942528736,
          0.9885057471264368,
          0.9885057471264368,
          1.0,
          1.0,
          1.0,
          1.0,
          1.0,
          1.0,
          1.0,
          1.0
        ]
      }
    },
    "stacked": {
      "accuracy": 0.9529411764705882,
      "f1": 0.9550561797752809,
      "auc_roc": 0.9720260351751836,
      "confusion_matrix": [
        [
          85,
          2
        ],
        [
          6,
          77
        ]
      ],
      "roc_curve": {
        "fpr": [
          0.0,
          0.0,
          0.0,
          0.012048192771084338,
          0.012048192771084338,
          0.024096385542168676,
          0.024096385542168676,
          0.03614457831325301,
          0.03614457831325301,
          0.04819277108433735,
          0.04819277108433735,
          0.060240963855421686,
          0.060240963855421686,
          0.07228915662650602,
          0.07228915662650602,
          0.13253012048192772,
          0.13253012048192772,
          0.6987951807228916,
          0.6987951807228916,
          0.8674698795180723,
          0.963855421686747,
          1.0
        ],
        "tpr": [
          0.0,
          0.011494252873563218,
          0.4482758620689655,
          0.4482758620689655,
          0.6091954022988506,
          0.6091954022988506,
          0.6666666666666666,
          0.6666666666666666,
          0.7816091954022989,
          0.7816091954022989,
          0.8850574712643678,
          0.8850574712643678,
          0.9425287356321839,
          0.9425287356321839,
          0.9770114942528736,
          0.9770114942528736,
          0.9885057471264368,
          0.9885057471264368,
          1.0,
          1.0,
          1.0,
          1.0
        ]
      }
    },
    "stacking_weights": {
      "expression_weight": -3.0420589631186963,
      "go_weight": -0.5430425644755631,
      "combined_weight": 0.14282970710293427,
      "intercept": 0.3269617986278669
    }
  },
  "cross_validation": {
    "expression_only": {
      "mean_accuracy": 0.9259653141361257,
      "std_accuracy": 0.006899804824723329,
      "fold_scores": [
        0.921875,
        0.9375,
        0.9166666666666666,
        0.9270833333333334,
        0.9267015706806283
      ]
    },
    "go_only": {
      "mean_accuracy": 0.9186736474694589,
      "std_accuracy": 0.01337431510163323,