{
  "validation": {
    "expression_only": {
      "accuracy": 0.9529411764705882,
      "f1": 0.9550561797752809,
      "auc_roc": 0.9725107325855145,
      "confusion_matrix": [
        [
          85,
          2
        ],
        [
          6,
          77
        ]
      ],
      "roc_curve": {
        "fpr": [
          0.0,
          0.0,
          0.0,
          0.0,
          0.0,
          0.0,
          0.0,
          0.0,
          0.0,
          0.012048192771084338,
          0.012048192771084338,
          0.03614457831325301,
          0.03614457831325301,
          0.04819277108433735,
          0.04819277108433735,
          0.07228915662650602,
          0.07228915662650602,
          0.1566265060240964,
          0.1566265060240964,
          0.25301204819277107,
          0.3253012048192771,
          0.3493975903614458,
          0.3855421686746988,
          0.43373493975903615,
          0.6024096385542169,
          0.6144578313253012,
          1.0
        ],
        "tpr": [
          0.0,
          0.034482758620689655,
          0.11494252873563218,
          0.13793103448275862,
          0.2413793103448276,
          0.26436781609195403,
          0.3218390804597701,
          0.3448275862068966,
          0.5287356321839081,
          0.5287356321839081,
          0.5862068965517241,
          0.5862068965517241,
          0.8620689655172413,
          0.8620689655172413,
          0.8735632183908046,
          0.8735632183908046,
          0.9770114942528736,
          0.9770114942528736,
          0.9885057471264368,
          0.9885057471264368,
          0.9885057471264368,
          0.9885057471264368,
          0.9885057471264368,
          0.9885057471264368,
          0.9885057471264368,
          1.0,
          1.0
        ]
      }
    },
    "go_only": {
      "accuracy": 0.9235294117647059,
      "f1": 0.9265536723163842,
      "auc_roc": 0.9576928403268246,
      "confusion_matrix": [
        [
          82,
          5
        ],
        [
          8,
          75
        ]
      ],
      "roc_curve": {
        "fpr": [
          0.0,
          0.0,
          0.0,
          0.012048192771084338,
          0.012048192771084338,
          0.024096385542168676,
          0.024096385542168676,
          0.03614457831325301,
          0.03614457831325301,
          0.04819277108433735,
          0.04819277108433735,
          0.060240963855421686,
          0.060240963855421686,
          0.07228915662650602,
          0.07228915662650602,
          0.08433734939759036,
          0.08433734939759036,
          0.0963855421686747,
          0.0963855421686747,
          0.12048192771084337,
          0.12048192771084337,
          0.26506024096385544,
          0.2891566265060241,
          0.3614457831325301,
          0.40963855421686746,
          0.4457831325301205,
          0.4939759036144578,
          0.6506024096385542,
          0.6987951807228916,
          0.7108433734939759,
          0.8192771084337349,
          1.0
        ],
        "tpr": [
          0.0,
          0.011494252873563218,
          0.3563218390804598,
          0.3563218390804598,
          0.40229885057471265,
          0.40229885057471265,
          0.4367816091954023,
          0.4367816091954023,
          0.6436781609195402,
          0.6436781609195402,
          0.8160919540229885,
          0.8160919540229885,
          0.8275862068965517,
          0.8275862068965517,
          0.8390804597701149,
          0.8390804597701149,
          0.8505747126436781,
          0.8505747126436781,
          0.9655172413793104,
          0.9655172413793104,
          0.9885057471264368,
          0.9885057471264368,
          0.9885057471264368,
          0.9885057471264368,
          0.9885057471264368,
          0.9885057471264368,
          0.9885057471264368,
          0.9885057471264368,
          0.9885057471264368,
          0.9885057471264368,
          1.0,
          1.0
        ]
      }
    },
    "combined": {
      "accuracy": 0.9411764705882353,
      "f1": 0.9438202247191011,
      "auc_roc": 0.9789502838941976,
      "confusion_matrix": [
        [
          84,
          3
        ],
        [
          7,
          76
        ]
      ],
      "roc_curve": {
        "fpr": [
          0.0,
          0.0,
          0.0,
          0.012048192771084338,
          0.012048192771084338,
          0.024096385542168676,
          0.024096385542168676,
          0.04819277108433735,
          0.04819277108433735,
          0.060240963855421686,
          0.060240963855421686,
          0.0963855421686747,
          0.0963855421686747,
          0.3855421686746988,
          0.3855421686746988,
          0.6144578313253012,
          0.6626506024096386,
          0.6987951807228916,
          0.7228915662650602,
          0.7469879518072289,
          0.7831325301204819,
          0.8554216867469879,
          0.8795180722891566,
          0.9156626506024096,
          0.9397590361445783,
          1.0
        ],
        "tpr": [
          0.0,
          0.011494252873563218,
          0.47126436781609193,
          0.47126436781609193,
          0.6896551724137931,
          0.6896551724137931,
          0.8160919540229885,
          0.8160919540229885,
          0.8390804597701149,
          0.8390804597701149,
          0.9655172413793104,
          0.9655172413793104,
          0.9885057471264368,
          0.9885057471264368,
          1.0,
          1.0,
          1.0,
          1.0,
          1.0,
          1.0,
          1.0,
          1.0,
          1.0,
          1.0,
          1.0,
          1.0
        ]
      }
    },
    "stacked": {
      "accuracy": 0.9529411764705882,
      "f1": 0.9550561797752809,
      "auc_roc": 0.9725799750727046,
      "confusion_matrix": [
        [
          85,
          2
        ],
        [
          6,
          77
        ]
      ],
      "roc_curve": {
        "fpr": [
          0.0,
          0.0,
          0.0,
          0.012048192771084338,
          0.012048192771084338,
          0.03614457831325301,
          0.03614457831325301,
          0.04819277108433735,
          0.04819277108433735,
          0.060240963855421686,
          0.060240963855421686,
          0.07228915662650602,
          0.07228915662650602,
          0.1566265060240964,
          0.1566265060240964,
          0.6265060240963856,
          0.6265060240963856,
          1.0
        ],
        "tpr": [
          0.0,
          0.011494252873563218,
          0.5287356321839081,
          0.5287356321839081,
          0.5862068965517241,
          0.5862068965517241,
          0.8620689655172413,
          0.8620689655172413,
          0.8735632183908046,
          0.8735632183908046,
          0.896551724137931,
          0.896551724137931,
          0.9770114942528736,
          0.9770114942528736,
          0.9885057471264368,
          0.9885057471264368,
          1.0,
          1.0
        ]
      }
    },
    "stacking_weights": {
      "expression_weight": -3.253803292083706,
      "go_weight": -0.12852722599522837,
      "combined_weight": 0.017020304582485896,
      "intercept": 0.3031063803143599
    }
  },
  "cross_validation": {
    "expression_only": {
      "mean_accuracy": 0.9259544066317626,
      "std_accuracy": 0.010701112331502647,
      "fold_scores": [
        0.9114583333333334,
        0.9375,
        0.9270833333333334,
        0.9375,
        0.9162303664921466
      ]
    },
    "go_only": {
      "mean_accuracy": 0.9165903141361256,
      "std_accuracy": 0.0064680305266637044,
      "fold_scores": [
        0.9166666666666666,
        0.9166666666666666,
        0.90625,
        0.9166666666666666,
        0.9267015706806283
      ]
    },
    "combined": {
      "mean_accuracy": 0.9228294066317627,
      "std_accuracy": 0.012970038632768624,