{
  "expression_only": {
    "accuracy": 0.9294117647058824,
    "f1": 0.9340659340659341
  },
  "go_only": {
    "accuracy": 0.9294117647058824,
    "f1": 0.9333333333333333
  },
  "combined": {
    "accuracy": 0.8823529411764706,
    "f1": 0.8913043478260869
  },
  "stacked": {
    "accuracy": 0.9352941176470588,
    "f1": 0.9385474860335196
  }
}