{
  "validation": {
    "expression_only": {
      "accuracy": 0.9529411764705882,
      "f1": 0.9550561797752809,
      "auc_roc": 0.9711258828417118,
      "confusion_matrix": [
        [
          85,
          2
        ],
        [
          6,
          77
        ]
      ]
    },
    "go_only": {
      "accuracy": 0.9411764705882353,
      "f1": 0.945054945054945,
      "auc_roc": 0.9585929926602963,
      "confusion_matrix": [
        [
          86,
          1
        ],
        [
          9,
          74
        ]
      ]
    },
    "combined": {
      "accuracy": 0.9529411764705882,
      "f1": 0.9550561797752809,
      "auc_roc": 0.9810968009970917,
      "confusion_matrix": [
        [
          85,
          2
        ],
        [
          6,
          77
        ]
      ]
    },
    "stacked": {
      "accuracy": 0.9529411764705882,
      "f1": 0.9550561797752809,
      "auc_roc": 0.9720260351751836,
      "confusion_matrix": [
        [
          85,
          2
        ],
        [
          6,
          77
        ]
      ]
    },
    "stacking_weights": {
      "expression_weight": -3.0420589631186963,
      "go_weight": -0.5430425644755631,
      "combined_weight": 0.14282970710293427,
      "intercept": 0.3269617986278669
    }
  },
  "cross_validation": {
    "expression_only": {
      "mean_accuracy": 0.9259653141361257,
      "std_accuracy": 0.006899804824723329,
      "fold_scores": [
        0.921875,
        0.9375,
        0.9166666666666666,
        0.9270833333333334,
        0.9267015706806283
      ]
    },
    "go_only": {
      "mean_accuracy": 0.9186736474694589,
      "std_accuracy": 0.01337431510163323,
      "fold_scores": [
        0.9010416666666666,
        0.921875,
        0.90625,
        0.9375,
        0.9267015706806283
      ]
    },
    "combined": {
      "mean_accuracy": 0.9259762216404885,
      "std_accuracy": 0.01719960401095533,
      "fold_scores": [
        0.9010416666666666,
        0.9322916666666666,
        0.9114583333333334,
        0.9479166666666666,
        0.93717277486911
      ]
    },
    "stacked": {
      "mean_accuracy": 0.9301319808027924,
      "std_accuracy": 0.008492061321310324,
      "fold_scores": [
        0.921875,
        0.9427083333333334,
        0.921875,
        0.9375,
        0.9267015706806283
      ]
    }
  },
  "case_studies": {
    "total_samples": 170,
    "misclassified_count": 8,
    "cases": [
      {
        "sample_id": "TCGA-66-2756-01",
        "true_label": "LUSC",
        "predicted": "LUAD",
        "type": "misclassified",
        "go_confidence": 0.9615746474673,
        "expr_confidence": 0.95,
        "go_prediction": "LUAD",
        "expr_prediction": "LUAD"
      },
      {
        "sample_id": "TCGA-56-7731-11",
        "true_label": "LUSC",
        "predicted": "LUAD",
        "type": "misclassified",
        "go_confidence": 0.762510796214402,
        "expr_confidence": 0.7484168956043956,
        "go_prediction": "LUAD",
        "expr_prediction": "LUAD"
      },
      {
        "sample_id": "TCGA-22-1017-01",
        "true_label": "LUSC",
        "predicted": "LUAD",
        "type": "misclassified",
        "go_confidence": 0.9990662294053416,
        "expr_confidence": 0.8789456654456654,
        "go_prediction": "LUAD",
        "expr_prediction": "LUAD"
      },
      {
        "sample_id": "TCGA-55-7724-01",
        "true_label": "LUAD",
        "predicted": "LUSC",
        "type": "misclassified",
        "go_confidence": 0.96,
        "expr_confidence": 1.0,
        "go_prediction": "LUSC",
        "expr_prediction": "LUSC"
      },
      {
        "sample_id": "TCGA-33-4579-01",
        "true_label": "LUSC",
        "predicted": "LUAD",
        "type": "misclassified",
        "go_confidence": 0.571769991015274,
        "expr_confidence": 0.7057637795275591,
        "go_prediction": "LUSC",
        "expr_prediction": "LUAD"
      },
      {
        "sample_id": "TCGA-78-7147-01",
        "true_label": "LUAD",
        "predicted": "LUAD",
        "type": "correct_high_confidence",
        "go_confidence": 0.9980222204997028,
        "expr_confidence": 0.9771171246899039,
        "go_prediction": "LUAD",
        "expr_prediction": "LUAD"
      },
      {
        "sample_id": "TCGA-NC-A5HG-01",
        "true_label": "LUSC",
        "predicted": "LUSC",
        "type": "correct_high_confidence",
        "go_confidence": 1.0,
        "expr_confidence": 0.99,
        "go_prediction": "LUSC",
        "expr_prediction": "LUSC"
      },
      {
        "sample_id": "TCGA-38-7271-01",
        "true_label": "LUAD",
        "predicted": "LUAD",
        "type": "correct_high_confidence",
        "go_confidence": 0.9755993509786945,
        "expr_confidence": 0.8595714718352514,
        "go_prediction": "LUAD",
        "expr_prediction": "LUAD"
      }
    ]
  }
}