{
  "expression_only": {
    "accuracy": 0.9529411764705882,
    "f1": 0.9550561797752809
  },
  "go_only": {
    "accuracy": 0.9235294117647059,
    "f1": 0.9265536723163842
  },
  "combined": {
    "accuracy": 0.9411764705882353,
    "f1": 0.9438202247191011
  },
  "stacked": {
    "accuracy": 0.9529411764705882,
    "f1": 0.9550561797752809
  }
}