{
  "validation": {
    "expression_only": {
      "accuracy": 0.9470588235294117,
      "f1": 0.9497206703910615,
      "auc_roc": 0.9463370724276416,
      "confusion_matrix": [
        [
          85,
          2
        ],
        [
          7,
          76
        ]
      ]
    },
    "go_only": {
      "accuracy": 0.9294117647058824,
      "f1": 0.9325842696629213,
      "auc_roc": 0.9288187231685363,
      "confusion_matrix": [
        [
          83,
          4
        ],
        [
          8,
          75
        ]
      ]
    },
    "combined": {
      "accuracy": 0.8411764705882353,
      "f1": 0.8556149732620321,
      "auc_roc": 0.8392881872316854,
      "confusion_matrix": [
        [
          80,
          7
        ],
        [
          20,
          63
        ]
      ]
    },
    "stacked": {
      "accuracy": 0.9470588235294117,
      "f1": 0.9491525423728814,
      "auc_roc": 0.9466140423764022,
      "confusion_matrix": [
        [
          84,
          3
        ],
        [
          6,
          77
        ]
      ]
    },
    "stacking_weights": {
      "expression_weight": 4.4750667032497455,
      "go_weight": 2.9699852852424486,
      "intercept": -3.3281263816162148
    }
  },
  "cross_validation": {
    "expression_only": {
      "mean_accuracy": 0.9165848603839442,
      "std_accuracy": 0.008017405251069627,
      "fold_scores": [
        0.921875,
        0.921875,
        0.9166666666666666,
        0.9010416666666666,
        0.9214659685863874
      ]
    },
    "go_only": {
      "mean_accuracy": 0.9134598603839441,
      "std_accuracy": 0.015616946739700453,
      "fold_scores": [
        0.9114583333333334,
        0.90625,
        0.890625,
        0.9375,
        0.9214659685863874
      ]
    },
    "combined": {
      "mean_accuracy": 0.9249236474694591,
      "std_accuracy": 0.015299679189177753,
      "fold_scores": [
        0.921875,
        0.9114583333333334,
        0.9114583333333334,
        0.953125,
        0.9267015706806283
      ]
    },
    "stacked": {
      "mean_accuracy": 0.9238710732984293,
      "std_accuracy": 0.009152501144945414,
      "fold_scores": [
        0.9375,
        0.9166666666666666,
        0.9166666666666666,
        0.9322916666666666,
        0.9162303664921466
      ]
    }
  },
  "case_studies": {
    "total_samples": 170,
    "misclassified_count": 9,
    "cases": [
      {
        "sample_id": "TCGA-66-2756-01",
        "true_label": "LUSC",
        "predicted": "LUAD",
        "type": "misclassified",
        "go_confidence": 0.8162692055585841,
        "expr_confidence": 0.8289890131577367,
        "go_prediction": "LUAD",
        "expr_prediction": "LUAD"
      },
      {
        "sample_id": "TCGA-56-7731-11",
        "true_label": "LUSC",
        "predicted": "LUAD",
        "type": "misclassified",
        "go_confidence": 0.5565379402176405,
        "expr_confidence": 0.865097127273598,
        "go_prediction": "LUAD",
        "expr_prediction": "LUAD"
      },
      {
        "sample_id": "TCGA-22-1017-01",
        "true_label": "LUSC",
        "predicted": "LUAD",
        "type": "misclassified",
        "go_confidence": 0.976323291741097,
        "expr_confidence": 0.769407149655207,
        "go_prediction": "LUAD",
        "expr_prediction": "LUAD"
      },
      {
        "sample_id": "TCGA-55-7724-01",
        "true_label": "LUAD",
        "predicted": "LUSC",
        "type": "misclassified",
        "go_confidence": 1.0,
        "expr_confidence": 1.0,
        "go_prediction": "LUSC",
        "expr_prediction": "LUSC"
      },
      {
        "sample_id": "TCGA-44-3398-11",
        "true_label": "LUAD",
        "predicted": "LUSC",
        "type": "misclassified",
        "go_confidence": 0.6365652270557495,
        "expr_confidence": 0.6775035121328224,
        "go_prediction": "LUSC",
        "expr_prediction": "LUAD"
      },
      {
        "sample_id": "TCGA-78-7147-01",
        "true_label": "LUAD",
        "predicted": "LUAD",
        "type": "correct_high_confidence",
        "go_confidence": 0.9876788458938229,
        "expr_confidence": 0.9019615199615199,
        "go_prediction": "LUAD",
        "expr_prediction": "LUAD"
      },
      {
        "sample_id": "TCGA-NC-A5HG-01",
        "true_label": "LUSC",
        "predicted": "LUSC",
        "type": "correct_high_confidence",
        "go_confidence": 1.0,
        "expr_confidence": 0.94,
        "go_prediction": "LUSC",
        "expr_prediction": "LUSC"
      },
      {
        "sample_id": "TCGA-38-7271-01",
        "true_label": "LUAD",
        "predicted": "LUAD",
        "type": "correct_high_confidence",
        "go_confidence": 0.8513318800524178,
        "expr_confidence": 0.7896000000000001,
        "go_prediction": "LUAD",
        "expr_prediction": "LUAD"
      }
    ]
  }
}