{
  "expression_only": {
    "accuracy": 0.9529411764705882,
    "f1": 0.9550561797752809
  },
  "go_only": {
    "accuracy": 0.9235294117647059,
    "f1": 0.9265536723163842
  },
  "combined": {
    "accuracy": 0.9352941176470588,
    "f1": 0.9385474860335196
  },
  "stacked": {
    "accuracy": 0.9470588235294117,
    "f1": 0.9491525423728814
  }
}